SNo,FirstName,LastName,DepartmentName,DateOfJoining
1,Will,Bradshaw,Biology,2016-06-04
2,Bentley,Alvarado,Mathematics,2020-09-15
3,Jayleen,Burns,ComputerScience,2005-10-30
4,Aaliyah,Barber,SocialScience,2000-06-04
5,Dixie,Hester,Biology,2011-07-28
6,Oswaldo,Brooks,English,2012-03-27
7,Spencer,Novak,Biology,2002-09-11
8,Michelle,Murillo,Engineering,2015-02-09
9,Aldo,Russell,Physics,2013-05-01
10,Lana,Mcconnell,Biology,2015-10-04
11,Tyrell,Lambert,Music,2006-05-05
12,Mira,Bennett,Education,2011-07-15
13,Paisley,Zamora,Physics,2006-04-02
14,Kasey,Wong,SocialScience,2009-12-05
15,Ashly,Ibarra,Education,2004-05-03
16,Finnegan,Edwards,Law,2012-08-31
17,Macey,Carson,Education,2009-09-27
18,Ezequiel,Underwood,Biology,2016-11-04
19,Jocelynn,Nash,Economics,2004-05-28
20,Lincoln,Lutz,Law,2009-04-13
21,Cecelia,Pierce,Education,2002-01-20
22,Frank,Barnett,ComputerScience,2017-02-02
23,Kyleigh,Ho,Engineering,2009-01-11
24,Blaze,Branch,Law,2011-01-30
25,Yesenia,Walters,SocialScience,2000-03-17
26,Paulina,Foley,Mathematics,2005-11-09
27,Lamar,Lang,Chemistry,2015-10-07
28,Armani,Bean,Law,2020-04-05
29,Jazmin,Jenkins,Engineering,2019-03-09
30,Ashleigh,Holden,Medicine,2012-10-31
31,Ansley,Salinas,Law,2000-03-06
32,Nyla,Bright,Mathematics,2014-08-13
33,Ariana,Lynn,Biology,2010-05-31
34,Rodolfo,Crane,Music,2016-09-15
35,Regan,Gibbs,Education,2007-07-21
36,Urijah,Melendez,Biology,2018-05-07
37,Karli,Boone,English,2000-02-12
38,Aiden,Barnett,Law,2010-08-27
39,Carly,Lindsey,Physics,2013-01-07
40,Jack,Faulkner,Biology,2014-07-22
41,Wayne,Mercado,Economics,2004-07-12
42,Abbey,Jacobson,Music,2007-05-13
43,Adalynn,Blair,ComputerScience,2011-11-02
44,Taylor,Friedman,Medicine,2022-04-10
45,Kaylee,Weber,SocialScience,2001-04-23
46,Armani,Bean,Biology,2000-08-10
47,Sidney,Chapman,Engineering,2000-01-22
48,Hamza,Cowan,English,2019-05-14
49,Jeramiah,Ellis,English,2021-12-03
50,Amare,Burton,Engineering,2001-03-17
51,Sonny,Jimenez,SocialScience,2005-06-20
52,Giovanna,Sparks,SocialScience,2020-04-03
53,Makena,Riggs,Physics,2020-02-19
54,Juliet,Watts,ComputerScience,2016-02-02
55,Coleman,Bray,Medicine,2015-07-16
56,Jordan,Cox,English,2012-01-12
57,Libby,Yoder,Mathematics,2000-08-07
58,Annika,Garrett,ComputerScience,2016-01-10
59,Janet,Bridges,Economics,2008-04-10
60,Tripp,Cantrell,Education,2022-08-11
61,Rayan,Glover,Education,2005-11-02
62,Elaina,Ortiz,ComputerScience,2013-04-02
63,Belen,Schwartz,Medicine,2016-03-24
64,Liberty,Mathews,English,2009-12-15
65,Donovan,Houston,Medicine,2017-01-06
66,Cooper,Humphrey,Engineering,2020-05-31
67,Micheal,Randall,Chemistry,2010-10-14
68,Tanya,Mccall,ComputerScience,2010-03-18
69,Reuben,Cruz,Physics,2000-10-27
70,Jeramiah,Castaneda,Mathematics,2002-08-05
71,Cindy,Irwin,SocialScience,2008-07-05
72,Parker,Mcdowell,SocialScience,2020-09-09
73,Jaylynn,Coleman,Physics,2008-08-24
74,Charlize,Levy,Medicine,2013-03-30
75,Karla,Hahn,Engineering,2006-02-17
76,Collin,Chan,Medicine,2000-10-08
77,Adriel,Watson,Mathematics,2003-12-24
78,Riya,Stokes,Biology,2001-07-08
79,Scott,Golden,Law,2000-06-01
80,Amira,Lozano,English,2015-08-13
81,Ayla,Moses,Medicine,2015-01-28
82,Delaney,Barron,ComputerScience,2000-04-16
83,Malaki,Fletcher,Chemistry,2013-04-18
84,Briley,Velez,Chemistry,2005-09-04
85,Nathen,Reese,Chemistry,2014-02-15
86,Tori,Grimes,Economics,2019-11-09
87,Johnathon,Pennington,Physics,2019-05-29
88,Nicole,Liu,ComputerScience,2000-10-31
89,Dominick,Castro,Economics,2001-05-27
90,Beckham,Rollins,Music,2015-02-02
91,Averi,Rowe,English,2000-09-19
92,Kendall,George,English,2012-12-13
93,Nathanael,Dudley,Medicine,2015-07-27
94,Jair,Young,English,2005-08-22
95,Nancy,Case,SocialScience,2010-11-02
96,Aubree,Williamson,Chemistry,2008-08-13
97,Karla,Mosley,ComputerScience,2020-11-20
98,Paola,Ho,Law,2010-01-30
99,Katelyn,Strickland,Biology,2003-02-19
100,Luke,Collins,Mathematics,2008-02-11
101,Cornelius,Walsh,Biology,2018-01-01
102,Tristan,Richardson,Medicine,2008-04-20
103,Sydney,Curtis,Mathematics,2010-12-24
104,Zara,Mercer,Biology,2017-07-29
105,Tori,Grimes,Chemistry,2004-11-12
106,Bianca,Bender,Physics,2007-12-03
107,Travis,Green,SocialScience,2000-02-24
108,Isabela,Rangel,English,2012-05-07
109,Maria,Hicks,Physics,2021-09-24
110,Alison,Lowery,Engineering,2021-02-03
111,Tamia,Bernard,Physics,2002-07-23
112,Jazmyn,Cortez,Law,2002-05-04
113,Krystal,Flores,Economics,2019-06-25
114,Yaretzi,Elliott,SocialScience,2015-05-21
115,Ryann,Mora,Law,2018-12-22
116,Riley,Glenn,SocialScience,2019-12-27
117,Will,Bradshaw,Mathematics,2011-05-06
118,Jabari,Mcdonald,ComputerScience,2006-03-19
119,Kadence,Valenzuela,Physics,2016-06-09
120,Damon,Pugh,Medicine,2008-12-19
121,Draven,Greer,Chemistry,2017-12-05
122,Reuben,Osborne,Economics,2006-07-24
123,Abbey,Jacobson,SocialScience,2021-04-04
124,Carina,Mccoy,Music,2021-04-16
125,Hana,Morrow,Biology,2010-10-01
126,Jacquelyn,Oliver,English,2018-11-17
127,Catherine,Logan,Biology,2022-11-10
128,Ramon,Clements,ComputerScience,2008-12-02
129,Gordon,Gibbs,Mathematics,2006-11-17
130,Yaretzi,Banks,Physics,2016-08-02
131,Carina,Mccoy,Physics,2012-10-04
132,Cindy,Huff,Physics,2009-07-17
133,Valery,Conley,SocialScience,2012-10-30
134,Ricardo,Larson,Music,2003-11-28
135,Jace,Vargas,Medicine,2014-07-14
136,Anaya,Rios,SocialScience,2016-07-30
137,Victoria,Griffith,Law,2000-04-16
138,Ruben,Bentley,Law,2019-07-25
139,Nancy,Case,Biology,2020-04-13
140,Abel,Andrade,Mathematics,2015-06-06
141,Kendrick,Crane,English,2003-07-29
142,Dillan,Pacheco,Engineering,2004-05-20
143,Jordyn,Russo,Law,2001-04-13
144,Paisley,Huffman,SocialScience,2012-08-21
145,Britney,Sweeney,Chemistry,2018-05-09
146,Martin,Bean,Physics,2013-06-05
147,River,Bolton,Law,2015-11-20
148,Zion,Haney,ComputerScience,2011-03-23
149,Guadalupe,Conrad,Medicine,2020-07-10
150,Savion,Arnold,Music,2020-04-30
151,Skyla,Wilkinson,SocialScience,2008-10-16
152,Natalee,Higgins,Biology,2016-06-08
153,Cason,Bates,Education,2017-01-18
154,Cristian,Sullivan,ComputerScience,2021-07-05
155,Martin,Bean,Chemistry,2018-11-14
156,Jenna,Henson,Law,2012-10-03
157,Kamden,Knox,Education,2022-04-23
158,Mollie,Lynch,Physics,2006-09-08
159,Ellis,Benton,Engineering,2009-06-13
160,Paisley,Huffman,English,2003-08-10
161,Essence,Cuevas,Engineering,2014-02-06
162,Spencer,Merritt,Education,2018-06-22
163,Hanna,Hernandez,ComputerScience,2000-01-20
164,Max,Harrison,Chemistry,2005-06-02
165,Case,Good,Economics,2013-09-03
166,Skyla,Wilkinson,Law,2011-07-11
167,Jaycee,Randolph,English,2015-03-18
168,Cody,Hamilton,Medicine,2006-08-15
169,Julie,Parrish,Music,2008-03-22
170,Dante,Rose,SocialScience,2018-12-24
171,Sarah,Brown,English,2020-02-16
172,Jorge,Huang,Mathematics,2022-10-13
173,Geovanni,Thomas,Law,2011-08-01
174,Rylie,Carey,Music,2018-08-09
175,Jazlyn,Holloway,Physics,2002-04-09
176,Claire,Solis,Mathematics,2012-05-02
177,Julien,Hernandez,Economics,2001-01-15
178,Abdullah,Lamb,Medicine,2011-05-11
179,Karlie,Beasley,ComputerScience,2022-03-27
180,Trevor,Bishop,Music,2017-01-31
181,Gianna,Pollard,ComputerScience,2004-05-01
182,Ansley,Salinas,English,2000-06-15
183,Julien,Jensen,Chemistry,2015-03-04
184,Jazlyn,Sexton,Law,2003-07-09
185,Donte,Montoya,ComputerScience,2021-08-18
186,Briley,Velez,English,2006-05-29
187,Donte,Zhang,Biology,2015-01-30
188,Quinn,Larson,SocialScience,2020-09-29
189,Teresa,Copeland,Chemistry,2020-06-18
190,Erick,Ewing,Physics,2000-05-28
191,Natalya,Harvey,Economics,2017-03-25
192,Madilyn,Bright,Biology,2022-04-22
193,Lia,Pace,Engineering,2009-04-11
194,Quentin,Chang,Medicine,2000-03-17
195,Tiffany,Campos,SocialScience,2020-07-25
196,Karlee,Ellis,Physics,2000-04-04
197,Braxton,Anthony,Physics,2006-10-06
198,Wendy,Mcbride,Medicine,2004-10-20
199,Hayden,Meyer,Education,2021-12-24
200,Johanna,Cuevas,Economics,2001-11-28
201,Tyshawn,Gonzales,Physics,2003-02-27
202,Branden,Lowe,Education,2022-01-02
203,Damien,Cruz,Medicine,2015-03-11
204,Donovan,Brewer,Medicine,2022-04-30
205,Ashlyn,Snow,Biology,2015-09-18
206,Madilyn,Proctor,SocialScience,2009-01-05
207,Raegan,Farmer,Physics,2012-08-13
208,Addisyn,Randolph,ComputerScience,2019-06-20
209,Demarion,Clay,Music,2021-11-16
210,Quincy,Parker,Biology,2020-05-25
211,Alexander,Gomez,Economics,2018-03-08
212,Damon,Caldwell,Education,2013-10-22
213,Neil,Cohen,Medicine,2003-11-18
214,Kate,Humphrey,ComputerScience,2019-05-24
215,Drew,Cervantes,Mathematics,2013-12-14
216,Tyshawn,Benson,English,2018-06-30
217,Jaslene,Hicks,Law,2004-05-11
218,Riley,Glenn,Education,2001-08-30
219,Xavier,Maynard,English,2010-06-28
220,Averi,Rowe,Medicine,2017-07-07
221,Mariam,Lam,Education,2009-03-28
222,Randall,Sexton,Biology,2013-05-05
223,Drew,Bender,Physics,2002-06-07
224,David,Wallace,Education,2008-07-29
225,Halle,Chapman,Engineering,2016-10-01
226,Riley,Ritter,Medicine,2002-10-03
227,Jazmin,Jenkins,Physics,2015-12-18
228,Alexandra,Yu,Law,2012-08-31
229,Dario,Roberts,Engineering,2001-10-02
230,Harley,Chan,English,2007-06-16
231,Nyla,Dennis,Biology,2019-05-25
232,Karley,Todd,Chemistry,2015-10-07
233,Cailyn,Ramirez,Mathematics,2018-02-11
234,Reginald,Hendrix,Medicine,2007-08-21
235,Christopher,Reeves,Biology,2016-01-20
236,Eleanor,Villegas,Chemistry,2011-07-07
237,Ana,Landry,Mathematics,2007-01-29
238,Marisa,Colon,Music,2002-11-17
239,Mariam,Lam,Law,2011-02-21
240,Izayah,Stuart,Chemistry,2021-02-01
241,Kaylee,Weber,Biology,2012-08-18
242,Ari,Flores,Chemistry,2002-12-05
243,Isabela,Rangel,Law,2021-04-09
244,Dereon,Livingston,Economics,2013-10-21
245,Magdalena,Rose,Music,2011-05-14
246,Milo,Mathis,Biology,2001-12-21
247,Kenzie,Rich,Education,2000-04-27
248,Emely,Doyle,Law,2008-02-07
249,Saniyah,Contreras,English,2003-02-04
250,Mckenna,Bowen,SocialScience,2007-01-28
251,Jeremy,Carpenter,SocialScience,2007-09-15
252,Alvin,Christian,English,2009-05-23
253,Zoie,Deleon,Biology,2018-02-27
254,Julie,Delacruz,Engineering,2017-09-12
255,Phoebe,Pruitt,English,2000-02-28
256,Bailey,Chung,Medicine,2022-01-01
257,Giovani,Bush,Physics,2020-06-12
258,River,Novak,Education,2008-11-10
259,Ellis,Chapman,Law,2009-02-24
260,Anderson,Moses,Biology,2001-12-04
261,Marisa,Becker,English,2015-09-04
262,Cullen,Mosley,Law,2001-03-01
263,Aspen,Gilmore,Engineering,2008-05-22
264,Kenyon,Booth,English,2022-10-21
265,Danny,Romero,Economics,2006-11-16
266,Jamie,Cox,Medicine,2014-07-10
267,Raymond,Mcmillan,English,2015-02-28
268,Preston,Wolf,Law,2009-04-10
269,Lila,Lara,Physics,2020-08-21
270,Paisley,Zamora,English,2020-12-13
271,Yaretzi,Lopez,Physics,2000-02-19
272,Haleigh,Rush,Law,2016-03-19
273,Zayden,Downs,ComputerScience,2012-04-09
274,Dayana,Wagner,Engineering,2013-01-13
275,Kade,Benitez,Biology,2001-08-29
276,Wyatt,Franco,ComputerScience,2010-11-19
277,Wesley,Huerta,Music,2013-11-10
278,Tyshawn,Benson,Mathematics,2002-08-19
279,Kiersten,Goodman,Physics,2020-10-18
280,Grady,Mckenzie,English,2020-08-15
281,Valery,Kemp,Economics,2008-11-30
282,Melina,Zamora,Music,2017-07-10
283,Julius,Peters,Music,2003-04-29
284,Van,Hayes,Music,2002-08-03
285,Phoenix,Joseph,Medicine,2005-04-04
286,Donte,Ramirez,ComputerScience,2011-12-01
287,Maritza,Bartlett,Biology,2021-02-27
288,Kaitlyn,Christian,Biology,2018-05-25
289,Alexandria,Young,ComputerScience,2018-09-29
290,Brennan,Sparks,English,2012-10-25
291,Luke,Collins,Music,2019-03-18
292,Ramon,Clements,Engineering,2003-12-23
293,Yareli,Anderson,Medicine,2015-11-23
294,Aniyah,Davis,Law,2005-08-03
295,Megan,Olsen,Economics,2015-09-03
296,Laney,York,Mathematics,2021-06-25
297,Adonis,Fernandez,Biology,2013-01-09
298,Nyasia,Morton,Music,2014-11-20
299,Anderson,Moses,Education,2013-02-06
300,Tripp,Burnett,Economics,2006-06-26
301,Kaleb,Malone,Chemistry,2016-03-11
302,Marco,Arias,English,2014-12-20
303,Shyla,Odom,ComputerScience,2002-11-26
304,Alonso,Pitts,SocialScience,2008-07-31
305,Marisol,Green,English,2001-04-18
306,Juliette,Cook,SocialScience,2015-07-08
307,Bradyn,Wilkerson,Music,2016-12-02
308,Micah,Harrell,Medicine,2009-08-07
309,Alayna,Pearson,Education,2010-05-02
310,Randy,Jackson,Biology,2009-10-05
311,Britney,Sweeney,Engineering,2008-09-24
312,Irvin,Crawford,ComputerScience,2007-07-19
313,Ashley,Phillips,Chemistry,2015-01-26
314,Giancarlo,Olsen,Law,2019-05-13
315,Lorenzo,Pitts,Law,2021-07-26
316,Jessie,Miranda,Chemistry,2008-09-22
317,Yesenia,Gonzalez,ComputerScience,2022-04-22
318,Isaias,Crawford,ComputerScience,2005-02-22
319,Anton,Waters,ComputerScience,2018-05-19
320,Beckham,Rollins,English,2011-01-24
321,Lilly,Reid,SocialScience,2015-06-12
322,Isaias,Crawford,Physics,2005-08-07
323,Brennen,Vang,Education,2021-01-03
324,Miracle,Baird,Law,2020-01-09
325,Braylen,Donaldson,Engineering,2021-10-06
326,Jair,Ruiz,Economics,2008-05-12
327,Michelle,Murillo,Medicine,2011-09-18
328,Cassandra,Randolph,Education,2001-07-25
329,Jenna,Henson,Education,2014-12-22
330,Sierra,Cannon,Law,2017-07-02
331,Cale,Franklin,Chemistry,2022-08-10
332,Hana,Morrow,Physics,2006-05-07
333,Kadence,Valenzuela,Medicine,2008-07-06
334,Elyse,Hancock,Economics,2014-10-22
335,Alexia,Berger,Biology,2012-10-21
336,Sheldon,Moreno,Biology,2004-10-13
337,Arianna,Nguyen,SocialScience,2014-08-08
338,Lilia,Pineda,Physics,2017-08-18
339,Cael,Fleming,Law,2015-12-11
340,Tristen,Andrade,Education,2017-05-07
341,Lilia,Pineda,English,2010-07-06
342,Sylvia,Bates,SocialScience,2000-06-13
343,Kaylyn,Raymond,Physics,2009-12-30
344,Zachary,Gregory,Education,2000-01-02
345,Rubi,Hoover,Engineering,2015-11-07
346,Hailey,Hunter,English,2014-06-29
347,Griffin,Sloan,Biology,2005-05-14
348,Demarcus,Cooper,Engineering,2010-01-15
349,Arianna,Nguyen,Economics,2006-10-15
350,Jennifer,Hodge,Physics,2011-04-08
351,Jerry,Andersen,Physics,2009-02-07
352,Paige,Ramos,ComputerScience,2006-05-31
353,Darius,Sherman,Education,2018-03-05
354,Madilyn,Bright,Mathematics,2006-12-05
355,Jacqueline,Navarro,Medicine,2001-02-08
356,Molly,Fox,ComputerScience,2002-01-14
357,Jacqueline,Navarro,Law,2020-05-09
358,Kristina,Byrd,Education,2014-11-06
359,Jamie,Greene,Law,2020-04-24
360,Lamar,Salazar,SocialScience,2000-07-02
361,Cortez,Edwards,Medicine,2017-07-23
362,Jadyn,Thompson,Law,2012-10-16
363,Yaretzi,Elliott,Economics,2000-02-06
364,Devin,Kramer,Medicine,2012-12-03
365,Rylee,Ray,Engineering,2004-04-18
366,Brennen,Fuller,Chemistry,2007-12-28
367,Jakayla,Oconnell,Engineering,2000-04-08
368,Marcelo,Kane,Physics,2014-03-16
369,Raegan,Farmer,English,2010-10-12
370,Yael,Whitaker,Biology,2009-08-26
371,Preston,Nichols,Engineering,2015-05-24
372,Hailey,Hunter,Music,2019-05-30
373,Urijah,Melendez,Physics,2006-03-09
374,Allen,Kaufman,Medicine,2006-10-07
375,Armani,Roth,ComputerScience,2012-06-29
376,Johnathon,Pennington,Economics,2020-06-12
377,Finley,Crane,English,2013-05-24
378,Urijah,Fuentes,Economics,2007-05-24
379,Alisa,Silva,ComputerScience,2011-05-13
380,Gordon,Gibbs,Law,2013-09-07
381,Jasiah,Wyatt,Economics,2000-11-24
382,Lana,Mcconnell,Physics,2019-09-22
383,Cierra,Franklin,ComputerScience,2021-01-03
384,Nyasia,Morton,Economics,2002-04-25
385,Laylah,Odom,SocialScience,2011-12-28
386,Naomi,Salinas,Engineering,2002-06-30
387,Shyla,Odom,Music,2003-08-10
388,Zain,Oconnell,Education,2008-11-16
389,Barrett,Mclaughlin,SocialScience,2006-08-05
390,Darius,Sherman,Law,2001-03-11
391,Malachi,Cummings,Music,2019-03-05
392,Sanaa,Anthony,Biology,2012-01-16
393,Davon,Henry,English,2004-06-20
394,Amber,Harrington,English,2022-07-11
395,Meadow,Howe,Chemistry,2005-10-04
396,Jasiah,Wyatt,English,2015-03-20
397,Carleigh,Mack,Chemistry,2004-01-09
398,Trent,Carr,Medicine,2003-04-25
399,Jakob,Stark,SocialScience,2000-02-07
400,Abraham,Frey,Chemistry,2018-12-11
401,Gilbert,Sloan,ComputerScience,2006-09-29
402,Rayne,Leon,ComputerScience,2022-01-28
403,Efrain,Erickson,Biology,2002-09-20
404,Ali,Singh,Engineering,2011-09-11
405,Dillan,Pacheco,Economics,2008-02-17
406,Amaya,Moss,Mathematics,2001-01-07
407,Makhi,Daniel,Biology,2015-03-20
408,Regan,Gibbs,Physics,2020-10-26
409,Bailey,Chung,Chemistry,2009-04-18
410,Marisol,Green,Biology,2017-06-24
411,Selena,Werner,SocialScience,2001-02-04
412,Katie,Ritter,Chemistry,2005-09-26
413,Tania,Greer,Engineering,2017-06-11
414,Amina,Short,Mathematics,2001-02-06
415,Dominick,Pugh,SocialScience,2022-08-24
416,Luke,Bradley,Education,2020-02-16
417,Nicolas,Quinn,Medicine,2009-01-05
418,Rene,Hendricks,SocialScience,2015-12-25
419,Jordon,Gomez,Engineering,2019-04-09
420,Mariyah,Zavala,Engineering,2007-01-31
421,Martin,Bond,Chemistry,2014-08-20
422,Maxwell,Mendez,Medicine,2000-09-11
423,Brennen,Vang,Chemistry,2008-03-09
424,Braiden,Beltran,Economics,2015-01-01
425,Elliott,Valencia,SocialScience,2003-03-05
426,Rylie,Hanson,Law,2002-12-26
427,Roman,Johnston,Education,2000-03-12
428,Melody,Ramos,SocialScience,2013-12-05
429,Jane,Mcmahon,Engineering,2007-03-18
430,Samantha,Shaw,Economics,2010-08-23
431,Randy,Jackson,Economics,2019-01-05
432,Zavier,Michael,Biology,2009-06-14
433,Devan,Frost,Engineering,2017-06-15
434,Jane,Spencer,ComputerScience,2013-02-13
435,Melina,Zamora,Biology,2012-10-16
436,Grant,Key,Chemistry,2018-05-24
437,Humberto,Watson,ComputerScience,2015-03-02
438,Carsen,Kline,SocialScience,2000-06-16
439,Skyler,Mckee,Education,2017-03-26
440,Zayden,Downs,SocialScience,2011-09-04
441,Harley,Chan,Economics,2019-05-26
442,Sierra,Cannon,Mathematics,2018-11-01
443,Cohen,Ferguson,Economics,2017-05-07
444,Deandre,Thornton,SocialScience,2019-01-10
445,Kennedy,Ibarra,SocialScience,2014-04-03
446,Ayla,Alvarez,Economics,2000-05-15
447,Kierra,Burnett,Law,2012-05-18
448,Gilbert,Sloan,Music,2012-11-21
449,Ariana,Lynn,Education,2004-07-14
450,Donovan,Brewer,Physics,2015-12-26
451,Jeramiah,Castaneda,Music,2008-09-03
452,Rayne,Leon,Economics,2001-12-21
453,Jordon,Gomez,Music,2004-01-17
454,Justus,Davidson,Education,2003-04-17
455,Kane,Howell,Physics,2015-06-13
456,Courtney,Michael,Economics,2012-12-28
457,Courtney,Michael,Biology,2002-06-21
458,Blaine,Wiley,Economics,2008-10-09
459,Aiden,Herman,SocialScience,2007-12-22
460,Marie,Shepherd,Physics,2011-07-21
461,Quincy,Parker,ComputerScience,2011-08-14
462,Micaela,Houston,ComputerScience,2002-11-08
463,Fisher,Henderson,Economics,2013-05-15
464,Jimmy,Fisher,Music,2021-01-15
465,Isabelle,Cantu,Biology,2018-09-28
466,Kelvin,Wilkinson,English,2021-02-06
467,Sidney,Chapman,SocialScience,2021-10-14
468,Maeve,Park,Medicine,2014-09-13
469,Israel,Marquez,Engineering,2017-09-03
470,Chaim,Davidson,Law,2005-12-25
471,Essence,Cuevas,Mathematics,2011-02-06
472,Giovani,Bush,Medicine,2016-08-30
473,Ashlynn,Mejia,Mathematics,2016-08-11
474,Ali,Stevens,Physics,2020-09-10
475,Yesenia,Lindsey,Physics,2008-05-23
476,Valentina,Mullins,ComputerScience,2017-07-03
477,Jayden,Petty,English,2022-05-24
478,Anya,Norton,Music,2013-11-26
479,Donte,Boone,ComputerScience,2018-06-20
480,Laylah,Odom,Economics,2016-09-19
481,Nathalie,Warner,Chemistry,2020-04-10
482,Maria,Dunn,Biology,2018-04-07
483,Ariana,Cisneros,Education,2019-05-11
484,Lorenzo,Pitts,Music,2011-02-13
485,Tobias,Duarte,Music,2020-07-11
486,Jamie,Newman,Biology,2001-01-30
487,Chad,Hoover,Biology,2000-09-27
488,Quincy,Preston,Medicine,2018-01-18
489,Nash,Santana,ComputerScience,2022-07-16
490,Juliet,Watts,Mathematics,2006-10-17
491,Alisha,Lin,ComputerScience,2016-11-24
492,Jane,Mcmahon,Economics,2019-11-11
493,Konnor,Stokes,Music,2015-05-23
494,Esperanza,Wallace,Chemistry,2007-08-31
495,Kimberly,Werner,Mathematics,2015-08-04
496,Lila,Lara,Chemistry,2020-02-14
497,Julien,Hernandez,Biology,2005-05-18
498,Parker,Mcdowell,Economics,2021-09-25
499,Wayne,Ortega,Economics,2006-05-15
500,Yadira,Glass,English,2006-06-26
501,Milo,Mathis,English,2018-09-13
502,Christian,Mcguire,ComputerScience,2003-06-05
503,Claire,Lamb,Engineering,2005-04-26
504,Leilani,Cline,Law,2015-06-14
505,Malachi,Cummings,Law,2002-06-07
506,Michaela,Gillespie,SocialScience,2003-04-02
507,Ryann,Howard,Chemistry,2002-05-01
508,Lesly,Alexander,Law,2002-01-18
509,David,Wallace,Economics,2011-02-09
510,Julien,Jensen,Law,2014-07-10
511,Jaliyah,Richard,Economics,2019-01-07
512,Pierce,Holt,Education,2002-10-01
513,Alexandria,Young,Mathematics,2015-06-14
514,Valery,Patel,Chemistry,2018-06-25
515,Wayne,Mercado,SocialScience,2014-03-14
516,Mathias,Simmons,Biology,2002-05-07
517,Cash,Mueller,Engineering,2013-05-21
518,Donte,Montoya,Law,2022-08-23
519,Bronson,Robinson,SocialScience,2016-10-12
520,Kaleb,Malone,Mathematics,2015-11-13
521,Alia,Tyler,Engineering,2005-10-20
522,Deja,Mckenzie,Physics,2003-10-16
523,Kendall,Humphrey,Medicine,2009-04-26
524,Nancy,Suarez,ComputerScience,2007-04-06
525,Dixie,Dorsey,Medicine,2019-08-25
526,Desiree,Watkins,English,2018-11-16
527,Xavier,Galvan,Music,2011-09-29
528,Annie,Vance,ComputerScience,2011-08-23
529,Hunter,Duncan,Physics,2011-02-04
530,Damien,Cruz,ComputerScience,2019-12-19
531,Alonso,Pitts,English,2010-08-06
532,Desiree,Montgomery,Medicine,2016-02-09
533,Cassidy,Glenn,SocialScience,2012-03-15
534,Kaylee,Rich,Music,2022-11-24
535,Keenan,Barry,Physics,2013-11-24
536,Kyleigh,Palmer,Chemistry,2016-06-10
537,Harrison,Lucero,ComputerScience,2010-05-04
538,Hudson,Pugh,Education,2007-03-01
539,Curtis,Stuart,Engineering,2022-10-29
540,Howard,Ryan,Engineering,2009-12-31
541,Phoebe,Moses,Mathematics,2006-01-04
542,Lucille,Mejia,SocialScience,2010-11-15
543,Kai,Lopez,Chemistry,2008-04-11
544,Terrell,Ortiz,SocialScience,2014-01-03
545,Giovanna,Sparks,Mathematics,2002-04-28
546,Ronald,Daniels,Chemistry,2020-04-07
547,Alexis,Booker,Engineering,2007-09-22
548,Yadira,Glass,Economics,2020-11-02
549,Jazlyn,Holloway,Economics,2000-06-03
550,Iyana,Cisneros,Law,2005-10-10
551,Kaiya,Hardy,Economics,2022-03-25
552,Karla,Hahn,Education,2010-11-04
553,Nicolas,Quinn,Education,2017-05-09
554,Reilly,Mccoy,Economics,2006-07-11
555,Carla,Ford,English,2014-05-06
556,Jaeden,Perez,Chemistry,2010-02-02
557,Valery,Conley,Music,2013-10-03
558,Samson,Savage,Medicine,2015-06-10
559,Amara,Cisneros,ComputerScience,2006-05-25
560,Layton,Freeman,Physics,2019-02-10
561,Harley,Bullock,Music,2013-07-29
562,Humberto,Mcmahon,Chemistry,2003-01-18
563,Franklin,Gibbs,Chemistry,2006-05-14
564,Taylor,Friedman,Economics,2002-04-16
565,Bethany,Miles,Engineering,2011-03-01
566,Thaddeus,Pugh,Economics,2002-08-14
567,Marley,Hicks,Economics,2014-12-30
568,Tessa,Norris,Engineering,2011-03-14
569,Izayah,Sharp,Biology,2014-01-04
570,Amelie,Ross,Chemistry,2012-05-31
571,Sidney,Taylor,Music,2021-03-05
572,Magdalena,Rose,Chemistry,2008-12-15
573,Anya,Norton,Mathematics,2000-09-19
574,Leslie,Bartlett,Economics,2019-06-18
575,Madeleine,Guerra,Chemistry,2020-01-17
576,Nathalie,Golden,Medicine,2006-05-03
577,Carleigh,Mack,Biology,2002-12-16
578,Rowan,Walter,Physics,2012-07-05
579,Ashanti,Hickman,Medicine,2014-03-07
580,Amira,Lozano,SocialScience,2011-05-09
581,Elliot,Jackson,Chemistry,2019-08-13
582,Madyson,Bell,Law,2016-03-01
583,Briley,Madden,ComputerScience,2014-02-21
584,Urijah,Fuentes,Engineering,2017-05-17
585,Deven,Estes,Engineering,2021-07-28
586,Lia,Pace,ComputerScience,2004-09-09
587,Nathen,Reese,English,2012-12-12
588,Desiree,Montgomery,ComputerScience,2009-10-16
589,Carsen,Robbins,Music,2008-02-13
590,Quentin,Chang,Economics,2010-09-16
591,Valentin,Gillespie,Physics,2021-08-05
592,Guadalupe,Conrad,Economics,2010-08-28
593,Lizeth,Schaefer,Law,2016-12-09
594,Larry,Dunn,Music,2021-01-29
595,Roland,Mcfarland,Physics,2005-12-19
596,Bryant,Spears,Biology,2000-11-18
597,Paola,Ho,ComputerScience,2003-10-23
598,Emilia,Salazar,Medicine,2000-08-26
599,Talia,Grant,Medicine,2006-11-11
600,Konnor,Stokes,Mathematics,2016-08-09
601,Logan,Horton,Biology,2011-11-25
602,Miah,Peters,Biology,2018-11-03
603,Micah,Hunt,ComputerScience,2003-04-07
604,Ryann,Howard,Medicine,2007-02-03
605,Yesenia,Lindsey,Music,2018-11-13
606,Branden,Lowe,Economics,2005-11-16
607,Teagan,Forbes,Economics,2003-11-12
608,Amari,Guzman,Medicine,2001-02-19
609,Lorelai,Landry,Medicine,2008-01-12
610,Colt,Ramirez,Engineering,2000-08-09
611,Dominik,Beard,Education,2002-05-02
612,Fisher,Henderson,Education,2011-05-13
613,Skyler,Mckee,Medicine,2013-07-03
614,Katie,Ritter,Physics,2020-07-07
615,Mckayla,Myers,Mathematics,2013-12-10
616,Devan,Frost,Biology,2013-06-17
617,Amaris,Burgess,Law,2001-08-31
618,River,Novak,Physics,2014-01-15
619,Humberto,Watson,Physics,2003-12-14
620,Kenley,Barron,Medicine,2008-03-20
621,Oswaldo,Nelson,ComputerScience,2002-07-31
622,Carmelo,Manning,Music,2011-10-09
623,Fatima,Rich,ComputerScience,2004-01-13
624,Ryann,Mora,Economics,2020-06-24
625,Kierra,Carr,Economics,2007-09-19
626,Justus,Davidson,English,2022-07-22
627,Amari,Fowler,Medicine,2008-08-30
628,Dario,Roberts,Mathematics,2008-02-09
629,Micah,Hunt,Physics,2003-05-16
630,Kody,Atkins,Music,2004-01-30
631,Jaliyah,Richard,Music,2014-06-10
632,Sloane,Liu,Chemistry,2019-08-12
633,Eddie,Hines,Medicine,2003-06-25
634,Katelynn,Best,Biology,2019-03-14
635,Cash,Mueller,Chemistry,2017-02-15
636,Fatima,Reilly,Mathematics,2013-01-30
637,Ellis,Benton,SocialScience,2016-09-07
638,Helena,Petty,Economics,2005-08-18
639,Avery,Atkins,Chemistry,2021-01-01
640,Chad,Hoover,Physics,2016-08-03
641,Reuben,Cruz,Biology,2016-02-07
642,Priscilla,Watkins,Biology,2015-05-21
643,Kenzie,Rich,Biology,2020-06-24
644,Eddie,Hines,ComputerScience,2013-10-11
645,Giovanna,Guzman,Chemistry,2021-02-14
646,Alexandra,Manning,Biology,2010-08-26
647,Anton,Waters,Music,2000-09-28
648,Caiden,Estrada,Economics,2021-11-24
649,Lyla,Barron,Engineering,2008-08-01
650,Bailey,Ali,Economics,2019-12-20
651,Raven,Vincent,ComputerScience,2009-06-10
652,Sarah,Brown,ComputerScience,2001-12-14
653,Jakob,Stark,Medicine,2021-07-12
654,Kane,Hood,Engineering,2003-08-11
655,Jacquelyn,Oliver,Chemistry,2003-08-14
656,Aedan,Keith,Education,2018-05-01
657,Felix,Weaver,Economics,2001-12-31
658,Ezequiel,Underwood,Physics,2002-01-09
659,Kennedy,Ibarra,Music,2002-08-10
660,Tatiana,Estes,Education,2013-02-07
661,Isis,Montgomery,Chemistry,2014-06-10
662,Benjamin,Carlson,Chemistry,2009-08-31
663,Ronald,Daniels,Education,2008-09-14
664,Sydney,Curtis,Economics,2021-07-04
665,Daphne,Underwood,Physics,2021-07-20
666,Alvin,Christian,SocialScience,2000-06-15
667,Saniya,Floyd,English,2008-12-09
668,Serenity,Lyons,Chemistry,2014-09-17
669,Jorge,Huang,Medicine,2017-08-05
670,Deven,Estes,Chemistry,2009-05-15
671,Anna,Howard,Chemistry,2013-08-19
672,Kyson,Wang,Biology,2015-12-31
673,Gwendolyn,Duke,ComputerScience,2002-11-10
674,Kendall,Humphrey,Mathematics,2005-02-21
675,Kyson,Wang,Medicine,2017-04-06
676,Jesus,Li,Chemistry,2019-01-22
677,Sidney,Taylor,Engineering,2021-07-27
678,Ayla,Moses,SocialScience,2003-07-14
679,Reagan,Hensley,English,2018-01-06
680,Marley,Hicks,Engineering,2022-03-06
681,Ella,Mcneil,Music,2019-03-18
682,Erick,Ewing,Economics,2008-11-13
683,Helena,Petty,Education,2022-02-25
684,Demarcus,Cooper,Biology,2015-08-08
685,Joel,Mayo,ComputerScience,2006-08-09
686,Isai,Walters,Economics,2015-09-09
687,Ariel,Wade,Engineering,2016-06-14
688,Haley,Newman,SocialScience,2020-11-26
689,Jennifer,Hodge,Education,2005-09-21
690,Case,Riddle,Music,2013-08-06
691,Cortez,Edwards,Mathematics,2003-02-23
692,Zavier,Michael,Music,2018-06-08
693,Olivia,Winters,Physics,2009-05-10
694,Victoria,Griffith,Education,2000-06-13
695,Bentley,Alvarado,ComputerScience,2011-04-30
696,Rubi,Hoover,Chemistry,2012-01-09
697,Ayla,Alvarez,Biology,2015-11-11
698,Mollie,Lynch,ComputerScience,2000-03-23
699,Reese,Mcintyre,Economics,2019-04-02
700,Yaretzi,Banks,Education,2009-10-30
701,Cameron,Melton,Law,2009-07-23
702,Amari,Acevedo,Education,2012-07-11
703,Hamza,Cowan,Biology,2001-12-06
704,Isaiah,Daugherty,Mathematics,2013-12-27
705,Georgia,Fletcher,Economics,2002-07-29
706,Jose,Malone,Engineering,2009-10-05
707,Angela,Vaughan,English,2022-10-11
708,Waylon,Dunlap,Medicine,2022-01-27
709,Ashlynn,Mejia,Education,2012-06-14
710,Makena,Riggs,English,2002-07-03
711,Felipe,Buckley,Engineering,2022-05-17
712,Jaidyn,Tyler,Economics,2012-03-15
713,Valentin,Gillespie,Engineering,2000-08-06
714,Teagan,Lewis,Biology,2018-12-06
715,Charlize,Acevedo,Medicine,2019-09-26
716,Karina,Cross,Education,2000-09-23
717,Jazmyn,Cortez,ComputerScience,2008-02-24
718,Charlize,Acevedo,Physics,2002-02-28
719,Carsen,Vaughan,ComputerScience,2021-01-05
720,Adalynn,Blair,Mathematics,2021-08-18
721,Benjamin,Carlson,Education,2018-04-30
722,Fatima,Rich,Economics,2006-03-24
723,Kyleigh,Ho,Mathematics,2004-04-25
724,Aaliyah,Barber,Education,2013-10-23
725,Allen,Kaufman,SocialScience,2007-01-23
726,Felicity,Morris,Music,2011-05-04
727,Kaleigh,Foster,Music,2003-03-06
728,Malaki,Fletcher,Medicine,2013-08-19
729,Alexia,Berger,ComputerScience,2021-04-13
730,Pierce,Holt,Medicine,2010-01-15
731,Raymond,Mcmillan,Law,2008-07-08
732,Karli,Hunter,Mathematics,2002-01-27
733,Aylin,Bowers,English,2000-11-03
734,Damarion,Hayes,SocialScience,2000-03-21
735,Teagan,Lewis,Economics,2018-09-27
736,Teagan,Abbott,Music,2018-02-13
737,Abel,Martinez,English,2020-11-13
738,Broderick,Curry,ComputerScience,2009-08-24
739,Trevor,Bishop,English,2010-05-23
740,Van,Hayes,Education,2012-08-16
741,Shamar,Salas,Physics,2013-10-04
742,Jamie,Newman,Law,2002-10-09
743,Moshe,Cooper,Education,2010-05-16
744,Emanuel,Compton,ComputerScience,2002-09-30
745,Mira,Bennett,Medicine,2005-06-14
746,Julius,Boyd,ComputerScience,2020-02-05
747,Zoie,Fowler,Economics,2022-01-31
748,Emilee,Robbins,ComputerScience,2013-10-14
749,Valeria,Maynard,Physics,2017-03-13
750,Cody,Archer,English,2012-12-29
751,Drew,Bender,Law,2018-01-12
752,Melody,Ramos,Education,2006-06-21
753,Makenzie,Christian,Education,2019-03-20
754,Raul,Krause,English,2000-08-20
755,Kennedy,Grant,Engineering,2009-02-13
756,Ellen,Yu,Chemistry,2001-09-23
757,Aiden,Barnett,Economics,2018-04-06
758,Jerry,Andersen,Medicine,2010-03-24
759,Raegan,Mcpherson,SocialScience,2007-02-25
760,Anna,Howard,Mathematics,2017-03-22
761,Sherlyn,Wilkins,Music,2018-06-15
762,Gianna,Pollard,Mathematics,2007-06-21
763,Nathanial,Olson,Music,2007-08-17
764,Tristen,Alexander,Education,2018-07-23
765,Lailah,Gates,English,2011-05-20
766,Nathanael,Dudley,Biology,2010-12-29
767,Erik,Madden,Physics,2019-11-04
768,Braiden,Beltran,Physics,2007-07-30
769,James,Schultz,ComputerScience,2014-01-12
770,Tristen,Alexander,Law,2002-09-07
771,Jabari,Mcdonald,Biology,2020-01-24
772,Cody,Archer,Education,2010-07-31
773,Bailey,Ali,Engineering,2000-06-07
774,Issac,Obrien,English,2019-07-12
775,Christian,Mcguire,Music,2011-02-17
776,Tripp,Cantrell,Physics,2007-07-20
777,Ashlyn,Snow,Education,2007-01-24
778,Tanya,Mccall,Chemistry,2005-09-30
779,Ana,Landry,Economics,2001-06-26
780,Chaya,Sawyer,Medicine,2008-04-27
781,Jaylon,Hood,Physics,2022-05-22
782,Irene,Schneider,Medicine,2000-05-02
783,Jack,Kennedy,ComputerScience,2019-12-09
784,Addisyn,Randolph,Economics,2010-10-12
785,Peter,Torres,Chemistry,2021-02-04
786,Emilee,Robbins,Biology,2008-03-26
787,Natalie,Mullins,Law,2019-09-23
788,Rowan,Walter,SocialScience,2016-11-25
789,Demarion,Ferrell,Education,2017-04-05
790,Jacquelyn,Murillo,Economics,2008-07-27
791,Jamie,Cox,Music,2022-12-26
792,Dereon,Harris,Music,2014-11-16
793,Kristina,Vang,Biology,2019-09-09
794,Ronan,Walter,Law,2020-12-21
795,Ryann,Carroll,Mathematics,2018-08-17
796,Amari,Marks,English,2020-03-16
797,Karla,Mosley,Law,2005-06-02
798,Janiah,Medina,Mathematics,2017-10-05
799,Elisa,Adams,Chemistry,2022-06-18
800,Isis,Montgomery,SocialScience,2004-02-22
801,Colt,Ramirez,Education,2007-10-01
802,Esperanza,Wallace,Engineering,2011-01-23
803,Donovan,Houston,Biology,2008-05-19
804,Cassandra,Randolph,ComputerScience,2000-10-02
805,Kendal,Macias,Chemistry,2022-10-02
806,Reese,Mcintyre,ComputerScience,2011-08-05
807,Jaylynn,Coleman,Mathematics,2015-07-08
808,Kennedy,Grant,Biology,2019-09-10
809,Tyshawn,Harmon,ComputerScience,2021-02-01
810,Mateo,Odom,SocialScience,2017-11-15
811,Rylie,Carey,English,2008-10-30
812,Aylin,Bowers,Chemistry,2006-10-14
813,Priscilla,Watkins,Engineering,2009-12-25
814,Cassidy,Glenn,Mathematics,2009-01-29
815,Terrance,Reid,Engineering,2022-07-25
816,Braxton,Stuart,Music,2011-09-20
817,Preston,Nichols,Economics,2015-09-13
818,Aubrie,Briggs,SocialScience,2015-01-14
819,Ronan,Walter,Engineering,2016-11-01
820,Graham,Navarro,Medicine,2010-09-18
821,Izayah,Sharp,Medicine,2002-07-12
822,Demarion,Clay,Medicine,2009-12-19
823,Keenan,Barry,Biology,2001-12-07
824,Catherine,Logan,Mathematics,2022-07-12
825,Kane,Hood,Law,2012-09-20
826,Aedan,Keith,Chemistry,2013-11-12
827,Christopher,Jacobson,Economics,2004-05-21
828,Kash,Bright,Law,2017-02-03
829,Humberto,Mcmahon,ComputerScience,2021-09-05
830,Judith,Hurst,Education,2002-07-21
831,Johanna,Cuevas,Physics,2012-05-24
832,Mckayla,Myers,Music,2011-05-11
833,Sadie,Cline,Engineering,2022-09-06
834,Dayanara,Hunter,Education,2009-09-09
835,Zachary,Gregory,ComputerScience,2007-07-06
836,Carsen,Vaughan,Chemistry,2006-09-30
837,Makhi,Daniel,Music,2019-03-09
838,Jensen,Dillon,Economics,2000-01-13
839,Madyson,Bell,Economics,2006-09-17
840,Jalen,Roth,Medicine,2013-12-06
841,Julius,Boyd,Medicine,2003-05-21
842,Braeden,Buchanan,Music,2004-10-29
843,Elisa,Adams,Biology,2012-12-31
844,Draven,Greer,English,2004-02-23
845,Tyler,David,Music,2008-10-23
846,Franklin,Gibbs,Biology,2020-01-28
847,Ryann,Carroll,SocialScience,2012-04-25
848,Faith,Hardy,Chemistry,2017-10-22
849,Cara,Ali,ComputerScience,2005-07-15
850,Alana,Curtis,Mathematics,2020-09-03
851,Ava,Davenport,Music,2012-07-25
852,Theresa,Michael,Education,2013-04-05
853,Ashly,Shields,Medicine,2002-04-30
854,Phoenix,Joseph,Music,2020-11-08
855,Tobias,Duarte,Engineering,2019-10-31
856,Angela,Strong,Music,2000-07-04
857,Kendal,Macias,Physics,2017-10-11
858,Cullen,Murray,Education,2008-12-17
859,Carsen,Robbins,Engineering,2000-12-25
860,Dayanara,Prince,Chemistry,2021-05-13
861,Saniya,Floyd,Economics,2007-07-04
862,Marisa,Becker,Engineering,2014-05-01
863,Elliot,Jackson,Biology,2003-10-13
864,Drew,Cervantes,Chemistry,2001-01-10
865,Yadira,Petty,Physics,2015-09-25
866,Irvin,Cervantes,Chemistry,2022-08-25
867,Sullivan,Randall,Physics,2002-01-03
868,Krystal,Flores,Biology,2014-05-02
869,Lorelai,Landry,Biology,2000-12-27
870,Karlie,Beasley,Biology,2005-06-05
871,Selena,Cobb,ComputerScience,2005-11-18
872,Ivy,Haley,SocialScience,2001-05-17
873,Brodie,Chan,Law,2007-04-03
874,Jaidyn,Tyler,SocialScience,2005-10-22
875,Kelvin,Wilkinson,Economics,2015-11-21
876,Karli,Hunter,English,2011-05-16
877,Issac,Obrien,Medicine,2012-12-13
878,Sanaa,Anthony,Physics,2008-01-08
879,Ali,Singh,Medicine,2018-12-23
880,Zoie,Deleon,Mathematics,2016-03-31
881,Brennen,Kelley,Engineering,2021-08-31
882,Terrell,Ortiz,Physics,2017-03-06
883,Dayana,Wagner,Biology,2012-04-28
884,Natalie,Mullins,Mathematics,2007-01-02
885,Samson,Savage,Economics,2010-05-27
886,Damon,Caldwell,Mathematics,2022-06-11
887,Carly,Lindsey,ComputerScience,2001-06-18
888,Armani,Roth,Mathematics,2001-04-17
889,Carsen,Kline,Mathematics,2011-10-23
890,Leanna,Young,English,2002-07-20
891,Reagan,Hensley,Mathematics,2010-01-13
892,Mateo,Odom,Economics,2013-03-10
893,Belen,Schwartz,ComputerScience,2004-12-21
894,Rodolfo,Crane,Engineering,2006-09-29
895,Sonny,Jimenez,Medicine,2007-10-30
896,Rey,Salas,Chemistry,2008-09-20
897,Kyleigh,Palmer,Physics,2012-01-25
898,Ellis,Chapman,ComputerScience,2012-05-28
899,Elliana,Boyer,Economics,2008-10-18
900,Chanel,Larson,Chemistry,2015-10-17
901,Reginald,Hendrix,Chemistry,2016-09-18
902,Amare,Burton,English,2009-05-12
903,Sylvia,Bates,Physics,2001-09-01
904,Felix,Weaver,Music,2020-04-20
905,Tess,Malone,SocialScience,2020-10-29
906,Maria,Hicks,Engineering,2003-10-08
907,Valery,Kemp,Music,2001-02-16
908,Zayden,Norris,Engineering,2000-10-08
909,Saul,Esparza,Chemistry,2019-09-13
910,Griffin,Sloan,ComputerScience,2004-08-28
911,Jair,Ruiz,Medicine,2009-03-03
912,Kendrick,Peters,Mathematics,2013-11-14
913,Brian,Dickerson,Physics,2007-05-17
914,Deven,David,SocialScience,2006-05-16
915,Zoie,Fowler,Chemistry,2000-11-14
916,Collin,Chan,Chemistry,2006-07-12
917,Clinton,Stout,Chemistry,2001-05-21
918,Desiree,Watkins,Biology,2014-05-15
919,Orlando,Peck,Physics,2007-04-07
920,Ali,Stevens,Law,2003-05-20
921,London,Huynh,Biology,2001-01-14
922,Jane,Spencer,Mathematics,2009-06-03
923,Kaliyah,Russell,ComputerScience,2014-12-17
924,Soren,Craig,Medicine,2010-01-12
925,Fatima,Reilly,English,2001-03-19
926,Caden,Orr,Biology,2022-12-23
927,Katie,Contreras,English,2022-07-10
928,Cecelia,Pierce,Medicine,2022-01-15
929,Kamden,Knox,Biology,2019-03-28
930,Antonio,Stephens,Physics,2015-01-18
931,Naomi,Salinas,Medicine,2021-08-22
932,Bethany,Miles,ComputerScience,2002-10-29
933,Mitchell,Mcconnell,Law,2018-06-18
934,Savion,Arnold,Law,2004-02-25
935,Marie,Shepherd,SocialScience,2004-12-15
936,Alayna,Pearson,SocialScience,2001-07-24
937,Nico,Ford,Chemistry,2016-04-21
938,Matias,Bird,Biology,2019-04-15
939,Alana,Curtis,Physics,2018-12-07
940,Brennan,Rodgers,Mathematics,2018-05-09
941,Tyshawn,Gonzales,ComputerScience,2004-06-27
942,Logan,Kirk,ComputerScience,2018-06-18
943,Yaretzi,Lopez,Mathematics,2013-11-21
944,Lucille,Mejia,Biology,2003-05-31
945,Gavin,Tran,Law,2009-05-10
946,Greta,Maldonado,English,2016-09-11
947,Annika,Garrett,Law,2014-04-22
948,Amina,Short,Medicine,2018-08-14
949,Corey,Bright,English,2010-01-14
950,Katherine,Bates,English,2008-06-08
951,Dayanara,Costa,Engineering,2015-07-03
952,Jayda,Montgomery,Education,2001-10-02
953,Sheldon,Moreno,Mathematics,2021-06-25
954,Frederick,Gates,Chemistry,2018-12-04
955,Lamar,Lang,Engineering,2005-07-08
956,Cael,Fleming,English,2015-08-15
957,Kody,Atkins,Biology,2011-07-31
958,Dashawn,Hooper,SocialScience,2015-06-16
959,Kailyn,Cardenas,Law,2021-09-25
960,Mitchell,Mcconnell,ComputerScience,2003-04-16
961,Teagan,Abbott,English,2008-05-21
962,Charlize,Levy,Mathematics,2019-07-10
963,Clinton,Stout,Biology,2001-02-10
964,Cheyenne,Zhang,Medicine,2018-10-13
965,Phoebe,Moses,Biology,2008-01-31
966,Corinne,Duarte,Education,2010-06-07
967,Teagan,Lowe,Biology,2013-04-16
968,Juliette,Cook,Medicine,2022-02-09
969,Cooper,Humphrey,Economics,2016-08-28
970,Cierra,Franklin,Economics,2021-11-22
971,Lincoln,Lutz,Music,2019-10-19
972,Luz,Woods,Medicine,2018-10-19
973,Mila,Sellers,Biology,2005-08-27
974,James,Schultz,Music,2015-12-11
975,Micaela,Potter,ComputerScience,2015-07-02
976,Abraham,Frey,Economics,2008-03-19
977,Nyla,Dennis,SocialScience,2009-11-25
978,Jessie,Miranda,Law,2008-04-21
979,Ramiro,Schmitt,Engineering,2002-10-01
980,Larry,Dunn,Mathematics,2015-06-20
981,Jaydon,Bishop,Physics,2015-12-20
982,Harley,Mack,Biology,2009-03-26
983,Leroy,Hudson,Chemistry,2020-10-09
984,Brady,Phillips,Physics,2000-11-02
985,Gavin,Tran,ComputerScience,2014-10-25
986,Roman,Johnston,Engineering,2003-01-10
987,Amber,Harrington,Chemistry,2004-01-22
988,Abigail,Moon,Engineering,2018-09-03
989,Donte,Ramirez,English,2015-04-14
990,Nathanial,Olson,SocialScience,2022-02-06
991,Kaliyah,Russell,Engineering,2012-10-07
992,Collin,Hale,Music,2009-07-14
993,Walker,Moody,Economics,2004-04-20
994,Isabell,Holden,Law,2004-12-06
995,Ramiro,Schmitt,Medicine,2015-10-09
996,Adriel,Watson,Engineering,2015-05-23
997,Aspen,Gilmore,Economics,2018-02-13
998,Angel,Love,SocialScience,2001-05-20
999,Harper,Harper,SocialScience,2012-06-06
1000,Skylar,Mosley,SocialScience,2010-12-07
